"H9047","801","0"
"H2256","015","2"
"H4837","001","0"
"H5883","003","1"
"H5679","801","0"
"H3952","046","0"
"H5427","072","0"
"H1463","003","0"
"H4007","012","0"
"H0318","801","0"
"H5407","011","0"
"H5696","003","0"
"H4456","021","0"
"H2029","806","0"
"H3660","802","0"
"H4004","813","0"
"H3154","805","0"
"H6622","002","0"
"H5416","018","0"
"H3328","803","0"
"H6642","002","0"
"H4520","006","0"
"H5416","019","0"
"H9847","803","0"
"H9184","002","0"
"H1463","801","0"
"H6609","002","0"
"H0564","811","0"
"H8145","120","0"
"H5696","004","0"
"H4004","804","0"
"H5162","006","0"
"H0303","034","0"
"H3335","005","0"
"H3924","003","0"
"H5774","802","0"
"H7281","002","0"
"H2063","001","0"
"H5549","002","0"
"H1355","001","0"
"H5415","039","0"
"H3952","802","0"
"H5850","805","0"
"H5700","002","0"
"H2542","002","0"
"H3347","005","0"
"H4407","001","0"
"H3957","037","0"
"H6609","807","0"
"H5774","008","0"
"H1961","804","0"
"H2169","002","0"
"H9572","002","5"
"H4524","802","0"
"H3361","098","0"
"H8468","001","0"
"H3920","001","0"
"H8578","802","0"
"H0545","801","0"
"H3322","002","0"
"H3659","054","0"
"H4529","027","0"
"H5005","001","0"
"H8604","006","0"
"H8145","100","0"
"H5106","016","0"
"H0544","024","0"
"H5480","803","0"
"H2816","014","0"
"H5774","003","0"
"H3864","007","0"
"H9572","003","6"
"H0544","009","0"
"H3335","041","0"
"H3924","802","0"
"H5928","016","0"
"H3404","001","0"
"H0544","003","0"
"H4910","005","0"
"H5475","001","0"
"H4564","006","0"
"H4003","805","0"
"H3954","802","0"
"H5520","010","0"
"H2944","078","0"
"H2773","003","0"
"H0332","808","0"
"R9943","806","0"
"H3351","002","0"
"H0710","002","0"
"R5826","834","0"
"H2663","005","0"
"H1019","032","0"
"H3370","803","0"
"H1019","058","0"
"H1291","801","0"
"H2654","807","0"
"H3410","001","1"
"H2108","020","0"
"H2997","003","0"
"H3307","804","0"
"H4454","012","0"
"H4203","002","0"
"R5826","080","0"
"H8050","001","0"
"H5106","018","0"
"H3887","801","0"
"H3342","001","0"
"R5826","801","0"
"H6609","801","0"
"H5426","803","0"
"H4604","010","0"
"H5253","801","0"
"H6642","005","0"
"H9859","804","0"
"H0401","804","0"
"H5415","806","0"
"H7526","003","0"
"H5970","802","0"
"H5009","002","0"
"H5162","008","0"
"H2169","803","0"
"H4036","003","0"
"H2816","802","0"
"H5533","802","0"
"H0755","812","0"
"H5162","003","0"
"H0544","015","0"
"H4011","818","0"
"H0104","010","4"
"H2944","044","0"
"H3362","020","0"
"H5793","801","0"
"H2322","004","0"
"H1019","056","0"
"H5526","002","0"
"H5826","005","0"
"H3493","001","0"
"H0755","030","0"
"H1032","133","0"
"H2169","005","0"
"H9047","033","0"
"H7306","801","0"
"H1777","008","0"
"H0602","039","0"
"H1019","027","0"
"H6900","002","0"
"H5823","002","0"
"R6801","008","0"
"H8145","061","0"
"H2775","085","0"
"H6050","999","0"
"H8991","017","0"
"H2322","001","0"
"H1080","808","0"
"H7179","007","0"
"H8655","004","0"
"H5404","135","0"
"H3307","012","0"
"H5520","001","0"
"H7341","001","1"
"H1230","803","0"
"H5520","004","0"
"H2174","005","0"
"H5649","002","0"
"H2165","011","0"
"H2610","011","0"
"H5378","803","0"
"H1417","005","0"
"H1777","009","0"
"H9572","002","1"
"H9011","020","0"
"H5698","160","0"
"H5679","002","0"
"H5416","016","0"
"H4506","010","0"
"H2593","014","0"
"H1608","803","0"
"H3907","801","0"
"H6609","018","0"
"H2593","011","0"
"H8098","001","0"
"H6328","003","0"
"H8145","006","0"
"H1076","805","0"
"H1607","804","0"
"H9572","003","4"
"H2960","803","0"
"H9011","018","0"
"H5698","028","0"
"H5700","018","0"
"H2322","803","0"
"H1035","007","0"
"H7179","801","0"
"H5700","020","0"
"H3370","023","0"
"H5969","001","0"
"H5698","061","0"
"H5810","009","0"
"H3410","001","5"
"H5652","004","0"
"H4213","006","0"
"H4513","001","0"
"H4036","801","0"
"H3330","815","0"
"H3749","017","0"
"H1509","812","0"
"H7475","001","0"
"H5521","015","0"
"R5826","820","0"
"H3327","805","0"
"H3864","801","0"
"H4971","801","0"
"H9011","801","0"
"H5042","002","0"
"H1951","013","0"
"H1951","019","0"
"H3107","803","0"
"H5883","004","2"
"H1216","005","0"
"H0630","810","0"
"H0543","035","0"
"H8145","054","0"
"H4007","010","0"
"H5264","005","0"
"H5420","005","0"
"H1035","801","0"
"H3664","018","0"
"H1264","014","0"
"H0104","011","5"
"H5883","001","2"
"H1019","025","0"
"H2654","013","0"
"R3444","011","0"
"H5610","001","0"
"H2486","002","0"
"H4006","001","0"
"H5656","003","0"
"H0474","802","0"
"H2182","805","0"
"H1837","009","0"
"H3449","810","0"
"H2261","005","0"
"H3362","801","0"
"H7149","802","0"
"H2649","803","0"
"H2012","008","0"
"H2450","019","0"
"H3362","003","0"
"H3659","809","0"
"H5207","001","0"
"H8953","003","0"
"H0545","009","0"
"H6609","016","0"
"H6551","002","0"
"H4407","004","0"
"H6169","034","0"
"H1837","003","0"
"H9001","803","0"
"H4152","004","0"
"H3924","021","0"
"H4408","007","0"
"H3528","003","0"
"H5087","005","0"
"H4518","001","0"
"H0524","812","0"
"H6360","008","0"
"H0524","807","0"
"H9988","010","0"
"H1286","004","0"
"H1036","801","0"
"H5696","021","0"
"H5302","810","0"
"H4529","031","0"
"H8558","002","0"
"H0838","020","0"
"H3957","808","0"
"H3528","008","0"
"H5698","158","0"
"H2012","024","0"
"H5404","137","0"
"H6528","005","0"
"H2663","805","0"
"H5042","801","0"
"H0544","021","0"
"H0901","801","0"
"H4305","002","0"
"R5826","005","0"
"H9385","001","0"
"H0104","802","0"
"H2949","808","0"
"H4527","013","0"
"H5656","015","0"
"H5928","007","0"
"H4590","025","0"
"H3949","013","0"
"H2109","001","0"
"H1109","003","0"
"H5253","007","0"
"H0320","005","0"
"H9988","001","0"
"R5826","841","0"
"H8145","117","0"
"H4270","002","0"
"R5826","082","0"
"H3305","015","0"
"H5746","006","0"
"H1468","804","0"
"H2261","801","0"
"H2012","802","0"
"H4105","002","0"
"H3954","007","0"
"H4909","807","0"
"H6609","050","0"
"H2219","001","0"
"H3957","025","0"
"H4461","807","0"
"H0602","029","0"
"H0602","023","0"
"H0104","011","1"
"H3410","002","3"
"H1080","809","0"
"H3335","032","0"
"H8145","008","0"
"H3810","007","0"
"H2012","015","0"
"H1951","804","0"
"H5262","005","0"
"R5287","003","0"
"H1961","007","0"
"H5431","001","0"
"H6328","804","0"
"H0657","010","0"
"H3755","002","0"
"H7015","802","0"
"H3660","028","0"
"H2803","002","0"
"H1350","006","0"
"H2012","003","0"
"H9001","025","0"
"H5575","005","0"
"H5854","004","0"
"H0545","012","0"
"H3362","807","0"
"H0543","001","0"
"H1036","144","0"
"H4102","801","0"
"H0543","004","0"
"H5528","005","0"
"H3706","006","0"
"H1036","141","0"
"H3957","806","0"
"H6360","006","0"
"H6411","002","0"
"H3156","027","0"
"H3356","801","0"
"H2654","812","0"
"H5216","006","0"
"H3664","806","0"
"H5883","004","5"
"H1291","007","0"
"H5041","001","0"
"H1659","002","0"
"H0562","077","0"
"H8800","002","0"
"H5887","010","0"
"H4004","015","0"
"H5162","801","0"
"H3362","016","0"
"H3154","801","0"
"H7301","803","0"
"H2944","194","0"
"H5928","005","0"
"H2320","013","0"
"H2320","019","0"
"H5969","801","0"
"H2256","802","0"
"H3614","002","0"
"H3327","022","0"
"H4529","801","0"
"H0913","002","0"
"H1416","019","0"
"H2944","133","0"
"H5970","004","0"
"H5970","001","0"
"H0543","078","0"
"H0562","044","0"
"H5439","001","0"
"H3449","013","0"
"H4456","013","0"
"H3619","012","0"
"R7439","003","0"
"H1170","009","0"
"R5826","007","0"
"H5522","010","0"
"H5416","020","0"
"H9011","016","0"
"H6528","007","0"
"H3044","002","0"
"H1365","001","0"
"H5530","805","0"
"H6360","806","0"
"H0504","805","0"
"H5575","007","0"
"H5444","999","0"
"H3351","806","0"
"H8707","001","0"
"H5883","002","4"
"H1286","804","0"
"H5822","001","0"
"H5404","140","0"
"H4461","011","0"
"H1509","804","0"
"H7949","801","0"
"H5782","001","0"
"H0307","009","0"
"H1013","805","0"
"H3613","002","0"
"H5521","806","0"
"H5215","001","0"
"H4590","027","0"
"H3384","807","0"
"H1032","025","0"
"H2012","006","0"
"H3954","005","0"
"H5253","805","0"
"H0151","804","0"
"H4528","804","0"
"H0317","001","0"
"H3305","017","0"
"H0317","004","0"
"H5434","002","0"
"H0524","046","0"
"H8145","115","0"
"H1110","806","0"
"H4454","020","0"
"H6923","001","0"
"H8145","108","0"
"H1509","004","0"
"H5404","116","0"
"H0370","802","0"
"H1099","014","0"
"H1355","802","0"
"H3619","004","0"
"H5425","019","0"
"H1509","009","0"
"H2112","802","0"
"H0755","807","0"
"H3619","001","0"
"H8684","001","0"
"H5005","010","0"
"H2450","014","0"
"R5826","805","0"
"H5698","150","0"
"H5006","014","4"
"H3379","037","0"
"H5106","806","0"
"H6642","007","0"
"H4006","809","0"
"H2312","009","0"
"H0154","008","0"
"H3152","045","0"
"H3405","001","0"
"H4785","802","0"
"H3810","005","0"
"H7352","002","0"
"H5421","068","0"
"H0504","017","0"
"H3912","001","0"
"H3503","999","0"
"H8145","091","0"
"H2459","804","0"
"H2926","001","0"
"H5896","007","0"
"H5425","016","0"
"H5042","005","0"
"H2237","007","0"
"H3924","023","0"
"H0251","002","0"
"H5813","802","0"
"H1418","007","0"
"H1013","803","0"
"H5407","029","0"
"H2944","189","0"
"H5427","077","0"
"H3952","008","0"
"H5425","020","0"
"R5826","072","0"
"H1500","002","0"
"H1689","012","0"
"H5378","010","0"
"H0423","002","0"
"H7015","002","0"
"H4003","811","0"
"H3949","002","0"
"H5256","004","0"
"H0657","009","0"
"H5421","075","0"
"H3335","822","0"
"H1903","005","0"
"H3655","030","0"
"H5522","805","0"
"H4875","014","0"
"H3361","099","0"
"H4513","009","0"
"H0351","038","0"
"H1651","001","0"
"H2816","019","0"
"H2816","013","0"
"H3528","001","0"
"H2417","001","0"
"H8707","003","0"
"H1036","065","0"
"H2803","801","0"
"H0108","801","0"
"H2012","021","0"
"H2944","106","0"
"H5774","009","0"
"H0524","008","0"
"H3664","802","0"
"H4604","803","0"
"H5576","010","0"
"H1416","007","0"
"H1019","044","0"
"H3307","015","0"
"H3351","007","0"
"H8980","802","0"
"H5850","803","0"
"H5989","002","0"
"H1019","049","0"
"H1036","067","0"
"H2323","005","0"
"H8604","801","0"
"H1417","802","0"
"H3335","018","0"
"H3619","017","0"
"H5050","012","0"
"H5106","014","0"
"H1036","062","0"
"H9302","005","0"
"H4523","015","0"
"H5665","002","0"
"H9988","004","0"
"H5424","001","0"
"H1607","004","0"
"H5402","036","0"
"H9988","009","0"
"H5509","010","0"
"H2312","006","0"
"H8604","004","0"
"H5106","013","0"
"H7908","802","0"
"H0562","058","0"
"H1036","035","0"
"H2462","016","0"
"H3931","801","0"
"H8604","003","0"
"H4510","018","0"
"H5989","007","0"
"H5985","002","0"
"H4875","802","0"
"H0630","809","0"
"H2667","803","0"
"H0562","053","0"
"H6609","022","0"
"H1045","019","0"
"H3811","003","0"
"H1111","807","0"
"H0504","015","0"
"H6609","041","0"
"H8649","801","0"
"H1609","802","0"
"H3908","002","0"
"H1951","024","0"
"H7341","001","2"
"H2108","030","0"
"H2672","008","0"
"H2905","001","0"
"H0544","008","0"
"H1111","002","0"
"H7281","005","0"
"H2223","002","0"
"H5421","072","0"
"H5213","002","0"
"H5549","005","0"
"R5941","003","0"
"H7787","001","0"
"H9302","801","0"
"H4506","003","0"
"H5404","801","0"
"H8145","063","0"
"H8145","069","0"
"R5826","826","0"
"H7292","001","0"
"H8145","011","0"
"H1509","809","0"
"H1509","006","0"
"R5941","008","0"
"H3918","001","0"
"H9615","802","0"
"H9572","002","2"
"H1951","030","0"
"H1806","002","0"
"H5211","005","0"
"H3964","003","0"
"H8145","802","0"
"H4346","006","0"
"H9003","006","0"
"H3327","027","0"
"H3907","029","0"
"H0630","808","0"
"H5594","019","0"
"R6801","009","0"
"H0609","804","0"
"H4606","006","0"
"H2491","002","0"
"H4517","002","0"
"H5850","019","0"
"H0602","017","0"
"H1111","801","0"
"H3952","043","0"
"H0544","032","0"
"H8424","002","0"
"H4270","801","0"
"H0562","085","0"
"H4564","003","0"
"H9670","003","0"
"H1108","001","0"
"H2593","013","0"
"H9385","808","0"
"H5416","022","0"
"H8742","801","0"
"H5590","001","0"
"H0571","001","0"
"H5783","012","0"
"H4102","025","0"
"H4268","001","0"
"H1036","137","0"
"H5520","009","0"
"H0248","001","0"
"H4527","002","0"
"H9670","004","0"
"H5520","003","0"
"H1230","801","0"
"H0543","060","0"
"H2462","801","0"
"R5826","836","0"
"H5402","007","0"
"H2537","002","0"
"H4514","801","0"
"H2029","802","0"
"H0524","031","0"
"H2458","002","0"
"H5698","069","0"
"H5698","063","0"
"H1595","801","0"
"H2320","802","0"
"H9830","002","0"
"H5050","802","0"
"H5698","122","0"
"H1304","803","0"
"H2450","026","0"
"H3449","005","0"
"H5652","001","0"
"H3305","007","0"
"H0351","036","0"
"H5007","001","0"
"H7195","002","0"
"H7188","005","0"
"H3359","001","0"
"H8578","001","0"
"H3619","015","0"
"H5425","005","0"
"H1903","022","0"
"H6923","801","0"
"H2182","807","0"
"H9011","019","0"
"H1510","005","0"
"H5434","801","0"
"H3347","010","0"
"H5698","036","0"
"H0332","003","0"
"H6181","009","0"
"H4590","022","0"
"H2461","007","0"
"H0351","014","0"
"H2667","810","0"
"H5970","806","0"
"H3916","026","0"
"H1944","802","0"
"H9302","007","0"
"H3706","009","0"
"H2944","065","0"
"H0332","806","0"
"H4003","803","0"
"R5826","070","0"
"R7444","803","0"
"H3923","013","0"
"H3907","006","0"
"H5883","003","2"
"H9001","801","0"
"H2256","015","1"
"H4011","807","0"
"H9047","805","0"
"H4012","008","0"
"H1837","001","0"
"H2672","803","0"
"H0524","034","0"
"H4012","003","0"
"H5576","803","0"
"H4003","817","0"
"H8145","053","0"
"H5050","004","0"
"H5406","001","0"
"H0609","012","0"
"H3328","801","0"
"H4005","801","0"
"H1961","002","0"
"H4866","002","0"
"H6169","033","0"
"H1849","801","0"
"H0562","068","0"
"H5050","001","0"
"H8903","999","0"
"H1418","016","0"
"H4004","806","0"
"H1230","805","0"
"H5005","801","0"
"H4402","001","0"
"H3805","007","0"
"H7917","801","0"
"H5521","031","0"
"R5826","839","0"
"H2450","801","0"
"H3832","802","0"
"H1651","004","0"
"H6609","805","0"
"H3154","006","0"
"H7917","009","0"
"H8145","033","0"
"H3410","802","0"
"H4142","002","0"
"H5521","028","0"
"H3328","003","0"
"H4407","003","0"
"H0332","809","0"
"H3342","012","0"
"H5696","001","0"
"H6328","006","0"
"H3623","801","0"
"H3949","016","0"
"H0819","002","0"
"H5256","001","0"
"H0401","809","0"
"H4875","011","0"
"H5820","008","0"
"H2256","016","6"
"H3335","819","0"
"H0564","006","0"
"H6900","005","0"
"H3351","804","0"
"H5445","999","0"
"H1406","801","0"
"H3749","004","0"
"H5619","801","0"
"H1509","808","0"
"H4011","801","0"
"H0562","087","0"
"H4738","001","0"
"H5214","010","0"
"H3335","037","0"
"H3384","015","0"
"H3706","017","0"
"H6815","001","0"
"H1291","803","0"
"H3044","801","0"
"H5087","002","0"
"H3327","803","0"
"H5425","803","0"
"H2108","022","0"
"H1510","007","0"
"H7917","012","0"
"H3919","001","0"
"H3335","044","0"
"H1595","001","0"
"H5410","012","0"
"H2320","011","0"
"H5991","002","0"
"H4527","005","0"
"H1032","002","0"
"H3361","065","0"
"H4004","809","0"
"H3887","803","0"
"H3959","803","0"
"H8096","001","0"
"H6169","036","0"
"H1112","027","0"
"H2944","180","0"
"H3706","803","0"
"H1076","803","0"
"H1607","001","0"
"H3346","802","0"
"H5151","006","0"
"H5619","009","0"
"H5619","003","0"
"H1463","001","0"
"H2462","007","0"
"H0602","028","0"
"H5508","001","0"
"H5425","007","0"
"H3660","806","0"
"H3312","018","0"
"H0630","814","0"
"H3312","040","0"
"H6371","001","0"
"H3916","804","0"
"H1036","807","0"
"H2012","009","0"
"H5429","053","0"
"H7220","805","0"
"H3660","029","0"
"H2461","005","0"
"H3342","015","0"
"H3330","032","2"
"H2654","805","0"
"H5422","006","0"
"H5883","003","5"
"H3655","801","0"
"H0104","011","2"
"H5700","005","0"
"H5162","009","0"
"H4514","001","0"
"H3347","002","0"
"H5415","808","0"
"H5404","001","0"
"H8777","002","0"
"H1904","002","0"
"H5162","004","0"
"H4506","801","0"
"H1558","004","0"
"H3931","058","0"
"H4454","805","0"
"H0150","007","0"
"H5435","014","0"
"H2944","193","0"
"H3327","036","0"
"R5826","803","0"
"H3942","001","0"
"H4102","803","0"
"H5378","185","0"
"H4527","020","0"
"H0755","032","0"
"H2182","001","0"
"H3809","001","0"
"H2931","002","0"
"R5287","802","0"
"H0504","803","0"
"R7439","001","0"
"H3344","804","0"
"H8578","010","0"
"H6952","002","0"
"H5793","008","0"
"H4564","015","0"
"H2354","013","0"
"H2459","001","0"
"H5698","134","0"
"H2654","020","0"
"H4004","050","0"
"H6264","002","0"
"H2816","002","0"
"H1019","035","0"
"H4523","801","0"
"H3335","002","0"
"H3920","009","0"
"H2775","091","0"
"H2323","007","0"
"H5522","803","0"
"H3921","008","0"
"H2775","094","0"
"H4011","805","0"
"H3817","003","0"
"H8145","087","0"
"H2936","002","0"
"H2174","002","0"
"H5698","802","0"
"H2012","012","0"
"H5509","001","0"
"H0351","804","0"
"H5938","803","0"
"H1509","806","0"
"R5826","828","0"
"H0307","008","0"
"H0979","022","0"
"H5006","014","3"
"H0303","804","0"
"R3175","001","0"
"H1846","801","0"
"H1026","802","0"
"H5854","803","0"
"H9001","022","0"
"H5162","012","0"
"H4529","004","0"
"H3206","802","0"
"H5989","005","0"
"R5826","053","0"
"H5425","018","0"
"H7917","026","0"
"H2312","008","0"
"H4004","808","0"
"H2410","017","0"
"H0084","001","0"
"H3430","001","0"
"H3962","007","0"
"H2654","801","0"
"H1036","044","0"
"H5042","007","0"
"H3344","005","0"
"H5628","006","0"
"H5410","004","0"
"H1849","005","0"
"H6609","005","0"
"H6169","012","0"
"H2450","011","0"
"H2960","018","0"
"H2241","001","0"
"H4590","020","0"
"H1032","012","0"
"H8953","802","0"
"H8424","001","0"
"H5216","001","0"
"H9779","001","0"
"H1019","004","0"
"H5431","006","0"
"H4517","001","0"
"H1406","803","0"
"H4510","803","0"
"H5008","001","0"
"H5850","002","0"
"H4590","012","0"
"H3954","098","0"
"H1251","003","0"
"H3942","002","0"
"H5696","028","0"
"H3410","801","0"
"H5850","007","0"
"H5783","011","0"
"H2459","002","0"
"R5826","062","0"
"H3623","802","0"
"H0524","040","0"
"H2150","002","0"
"H5416","014","0"
"H1032","035","0"
"H5291","801","0"
"H0657","008","0"
"H6328","803","0"
"H4971","803","0"
"H2654","814","0"
"H3361","039","0"
"H7917","803","0"
"H5521","802","0"
"H7787","002","0"
"R5826","076","0"
"H9001","015","0"
"H5811","002","0"
"H4007","806","0"
"H5698","035","0"
"H4011","803","0"
"H1651","005","0"
"H5509","801","0"
"H3321","001","0"
"H3351","011","0"
"H5821","013","0"
"H5528","804","0"
"H6705","002","0"
"H0104","801","0"
"H4528","803","0"
"H7660","002","0"
"H5016","001","0"
"H4456","025","0"
"H3384","019","0"
"R5826","817","0"
"H3384","013","0"
"H5578","009","0"
"H5591","001","0"
"H3421","002","0"
"H3388","003","0"
"H5042","802","0"
"H1230","804","0"
"H0316","801","0"
"H4875","013","0"
"H9001","024","0"
"H5868","001","0"
"H3864","001","0"
"H3456","016","0"
"H1406","025","0"
"H3916","012","0"
"H2649","004","0"
"H5262","004","0"
"H2012","801","0"
"H2944","017","0"
"H5703","001","0"
"H2992","004","0"
"H8707","007","0"
"H0307","802","0"
"H0602","001","0"
"H8145","001","0"
"H5006","017","8"
"H3957","024","0"
"H3957","003","0"
"H5508","004","0"
"H5162","011","0"
"H3923","017","0"
"H4006","008","0"
"H2012","014","0"
"H0524","803","0"
"H1019","054","0"
"R5826","811","0"
"H8050","005","0"
"H1951","028","0"
"H2815","002","0"
"H3405","006","0"
"H5404","111","0"
"H6609","036","0"
"H4125","005","0"
"H5427","084","0"
"H1806","005","0"
"H2450","007","0"
"R5826","842","0"
"H5214","003","0"
"H5214","009","0"
"H2256","016","7"
"H1036","146","0"
"H4527","028","0"
"H5402","032","0"
"H5580","001","0"
"H1032","032","0"
"H9003","802","0"
"H3909","802","0"
"H4527","023","0"
"H0543","140","0"
"H5594","016","0"
"H5214","004","0"
"H1045","018","0"
"H5528","001","0"
"H4564","013","0"
"H2649","012","0"
"H1418","009","0"
"H2221","001","0"
"H5521","040","0"
"H5594","018","0"
"H4754","001","0"
"H9001","017","0"
"H0543","089","0"
"H3917","002","0"
"H1849","804","0"
"R5674","803","0"
"H3206","803","0"
"H3152","077","0"
"H5528","004","0"
"H3528","805","0"
"H0524","029","0"
"H0150","804","0"
"H0523","002","0"
"H5928","001","0"
"H2256","801","0"
"H5167","002","0"
"H2450","022","0"
"H2949","012","0"
"H5425","025","0"
"H9830","001","0"
"H4514","803","0"
"H5378","183","0"
"H0609","806","0"
"H1961","802","0"
"H5427","054","0"
"H5439","803","0"
"H3351","802","0"
"H2593","007","0"
"H5948","002","0"
"H5426","021","0"
"H8822","803","0"
"H3359","032","0"
"H1595","002","0"
"H2486","803","0"
"H1019","045","0"
"H1036","119","0"
"H4406","807","0"
"H4270","803","0"
"H3962","801","0"
"H3957","031","0"
"H5698","153","0"
"H6743","002","0"
"H2450","005","0"
"H3370","004","0"
"H3811","002","0"
"H0544","027","0"
"H9011","803","0"
"H0657","006","0"
"H1111","810","0"
"H1019","047","0"
"H1108","002","0"
"H3335","811","0"
"H3370","001","0"
"H3410","003","5"
"H8145","040","0"
"H2944","178","0"
"H5214","012","0"
"H1717","001","0"
"H4268","002","0"
"H1026","801","0"
"H9988","007","0"
"H3659","802","0"
"H2944","053","0"
"H8558","008","0"
"H8707","005","0"
"R5826","815","0"
"H8145","111","0"
"H0504","021","0"
"H1036","104","0"
"H3404","808","0"
"H3818","015","0"
"H8050","007","0"
"H4604","808","0"
"H0630","013","0"
"H2944","195","0"
"H5656","803","0"
"H8578","009","0"
"H5998","003","0"
"H2491","004","0"
"H2654","802","0"
"H4527","006","0"
"H7917","008","0"
"H5989","004","0"
"H0524","038","0"
"H8578","004","0"
"H0630","018","0"
"H8098","003","0"
"H3528","801","0"
"H0524","039","0"
"H5698","068","0"
"H5700","027","0"
"H3916","802","0"
"H8145","012","0"
"H9788","001","0"
"H5820","033","0"
"H0710","001","0"
"H0524","033","0"
"H3810","004","0"
"H0408","002","0"
"H1230","003","0"
"H2112","801","0"
"H3655","031","0"
"H4590","801","0"
"H9266","001","0"
"H3338","999","0"
"H9788","004","0"
"H2491","001","0"
"H0423","005","0"
"H3810","001","0"
"R7439","802","0"
"H1961","001","0"
"H3152","041","0"
"H5420","001","0"
"H5850","016","0"
"H1291","001","0"
"H5774","014","0"
"R5342","801","0"
"H2906","003","0"
"H1518","002","0"
"H2256","019","8"
"H7179","001","0"
"H5425","022","0"
"H4155","003","0"
"H4525","004","0"
"H2537","001","0"
"H3361","105","0"
"H2944","197","0"
"H3312","025","0"
"H1509","817","0"
"H5749","801","0"
"H8649","803","0"
"H5926","002","0"
"H5685","001","0"
"H3749","011","0"
"H3456","807","0"
"H0901","004","0"
"H4525","009","0"
"H3907","002","0"
"R5941","806","0"
"H2108","026","0"
"H0609","015","0"
"H3344","801","0"
"H5416","011","0"
"H5215","006","0"
"H1846","802","0"
"H5006","017","5"
"H1418","017","0"
"H2593","005","0"
"H3379","001","0"
"H5087","001","0"
"H5970","807","0"
"H3328","015","0"
"H0562","071","0"
"H3410","003","2"
"H3493","002","0"
"H1111","805","0"
"R5826","001","0"
"H3959","001","0"
"H1951","005","0"
"H6528","001","0"
"H0544","025","0"
"H2459","016","0"
"H8145","099","0"
"H2944","071","0"
"H5783","801","0"
"H4510","024","0"
"H5421","074","0"
"H4510","023","0"
"H5422","805","0"
"H4524","801","0"
"H5425","027","0"
"H1302","004","0"
"R5826","833","0"
"H2816","008","0"
"H0621","001","0"
"H6231","001","0"
"H9572","001","3"
"H2320","805","0"
"H4604","006","0"
"H0630","016","0"
"H0562","083","0"
"H3370","801","0"
"H1112","006","0"
"H3240","013","0"
"H9001","021","0"
"H5594","002","0"
"H5978","002","0"
"H5868","004","0"
"H5609","001","0"
"H2803","803","0"
"H3749","803","0"
"H3305","011","0"
"H6360","011","0"
"H9988","005","0"
"H1264","007","0"
"H3335","043","0"
"H0317","007","0"
"H4003","804","0"
"H3307","805","0"
"H5590","002","0"
"H2150","807","0"
"H0303","015","0"
"H8145","004","0"
"H3362","817","0"
"H3388","801","0"
"H4956","002","0"
"H4528","001","0"
"H3107","004","0"
"H4005","004","0"
"H5402","041","0"
"H3957","021","0"
"H8748","003","0"
"H7179","010","0"
"H3653","018","0"
"H5010","004","0"
"H6169","802","0"
"H0401","805","0"
"H4006","811","0"
"H5162","014","0"
"H5522","008","0"
"H5850","020","0"
"H3107","804","0"
"H5522","009","0"
"H5414","019","0"
"H0755","811","0"
"H5521","032","0"
"H5262","001","0"
"H8393","803","0"
"H1036","149","0"
"H2701","003","0"
"H1036","121","0"
"H6609","803","0"
"H4004","814","0"
"H5509","012","0"
"H2012","011","0"
"H5427","081","0"
"H7731","008","0"
"H0630","807","0"
"H4003","001","0"
"H2228","002","0"
"H5928","010","0"
"H1032","079","0"
"H4604","806","0"
"H4909","007","0"
"H1032","073","0"
"H2459","801","0"
"H4005","804","0"
"H3251","021","0"
"H0602","045","0"
"H1651","002","0"
"H4408","001","0"
"H3204","008","0"
"H4141","803","0"
"H3251","024","0"
"H5211","003","0"
"H5009","802","0"
"H2775","801","0"
"H0543","029","0"
"H2450","020","0"
"H1032","037","0"
"H3322","001","0"
"R5826","078","0"
"H8130","001","0"
"H4004","802","0"
"H1517","004","0"
"H0752","801","0"
"H0108","005","0"
"H5520","005","0"
"H8145","075","0"
"H1406","022","0"
"H8130","004","0"
"H7187","002","0"
"H7352","004","0"
"H9572","802","0"
"H4524","805","0"
"H5746","012","0"
"H2174","001","0"
"H0154","803","0"
"H5529","805","0"
"H0524","002","0"
"H3916","001","0"
"H0523","031","0"
"H5302","009","0"
"H5421","056","0"
"H0562","804","0"
"H4407","022","0"
"H1417","004","0"
"H7220","003","0"
"H3672","805","0"
"H1681","003","0"
"H1417","001","0"
"H2222","003","0"
"H0544","035","0"
"H3152","801","0"
"H3620","806","0"
"H6169","016","0"
"H6052","999","0"
"H3359","027","0"
"H5826","011","0"
"H1468","007","0"
"H0613","001","0"
"H5532","001","0"
"H1036","011","0"
"H3388","004","0"
"H2256","018","7"
"R3175","003","0"
"H1076","003","0"
"H1045","016","0"
"H5378","016","0"
"H5417","001","0"
"H4003","815","0"
"H1468","802","0"
"H5434","802","0"
"H0307","011","0"
"H0543","806","0"
"H0523","052","0"
"H2256","019","7"
"H3818","003","0"
"H6609","042","0"
"H2256","019","1"
"H8145","042","0"
"H2318","001","0"
"H0316","014","0"
"H5528","010","0"
"H2944","009","0"
"R5826","822","0"
"H8145","010","0"
"H8684","806","0"
"H5850","005","0"
"H9670","802","0"
"H8777","001","0"
"H2459","018","0"
"H3331","001","0"
"H1509","811","0"
"H0540","090","0"
"H4461","018","0"
"H5405","001","0"
"H2944","004","0"
"H1904","001","0"
"H1517","802","0"
"H4454","803","0"
"H0630","812","0"
"H2997","805","0"
"H4406","801","0"
"H1608","001","0"
"H5679","803","0"
"H4527","030","0"
"H5215","008","0"
"H3959","010","0"
"H4203","001","0"
"R5826","010","0"
"H5883","001","3"
"H3342","809","0"
"H0154","011","0"
"H1216","001","0"
"H7015","001","0"
"H2034","001","0"
"H0150","001","0"
"H0571","006","0"
"H7149","801","0"
"H2150","022","0"
"H1251","004","0"
"R5826","012","0"
"H0524","805","0"
"R5342","003","0"
"H4213","002","0"
"H0621","009","0"
"H3330","029","0"
"H5420","009","0"
"H1804","128","0"
"H5420","003","0"
"H8684","802","0"
"H1291","003","0"
"H4006","813","0"
"H4209","812","0"
"H5656","001","0"
"H3813","001","0"
"H5206","003","0"
"H5416","013","0"
"H2944","024","0"
"R7439","006","0"
"H0544","012","0"
"H5698","156","0"
"H9572","003","3"
"H1717","009","0"
"H1415","013","0"
"H0602","026","0"
"H0105","002","0"
"H7301","002","0"
"H0545","001","0"
"H5749","803","0"
"H4003","017","0"
"H8393","001","0"
"R5826","067","0"
"H3613","001","0"
"H5151","802","0"
"H3344","803","0"
"H1045","005","0"
"H7002","002","0"
"H2256","001","6"
"H0562","037","0"
"H1302","001","0"
"H2150","805","0"
"H3330","808","0"
"H5696","024","0"
"H1026","040","0"
"H2773","004","0"
"H4520","002","0"
"H3410","001","2"
"H5696","023","0"
"H5212","001","0"
"H3456","805","0"
"R5826","004","0"
"H5576","007","0"
"R5826","009","0"
"R5826","003","0"
"H0630","816","0"
"H5427","083","0"
"H5262","003","0"
"H2944","073","0"
"H4908","005","0"
"H7220","001","0"
"H4003","009","0"
"H0544","004","0"
"H2803","012","0"
"H1251","802","0"
"H3044","802","0"
"H3333","039","0"
"H3154","013","0"
"H8145","084","0"
"H2992","003","0"
"H4003","015","0"
"H0104","010","3"
"H5302","006","0"
"H1109","001","0"
"H4005","001","0"
"H5943","001","0"
"H0543","032","0"
"H5934","002","0"
"H3924","045","0"
"H4011","001","0"
"H5264","002","0"
"H5378","174","0"
"H2611","008","0"
"H4102","807","0"
"H5425","801","0"
"H5698","020","0"
"H5424","005","0"
"H2256","026","2"
"H9859","002","0"
"H5783","008","0"
"H2450","002","0"
"H4011","811","0"
"H4003","806","0"
"H6609","045","0"
"H4036","004","0"
"H2230","809","0"
"H5214","008","0"
"H0150","010","0"
"H5938","804","0"
"H3387","010","0"
"H3449","801","0"
"H7908","001","0"
"H3456","020","0"
"H1849","803","0"
"H7179","012","0"
"H1659","001","0"
"H4909","805","0"
"H2775","097","0"
"H0354","804","0"
"H7220","804","0"
"H1509","815","0"
"H5850","022","0"
"H3330","032","3"
"H0602","040","0"
"H3749","801","0"
"H5522","001","0"
"H5609","801","0"
"H8145","122","0"
"H5528","021","0"
"H5439","801","0"
"H3410","002","4"
"H2237","001","0"
"H5508","802","0"
"H1609","001","0"
"R6801","011","0"
"H8822","801","0"
"H3832","806","0"
"H5529","807","0"
"H8558","005","0"
"H2486","801","0"
"H6609","004","0"
"H0117","005","0"
"H9988","801","0"
"R9943","807","0"
"H4906","999","0"
"H5528","003","0"
"H5528","009","0"
"H1110","001","0"
"H3347","007","0"
"H5106","808","0"
"H5928","012","0"
"H5832","001","0"
"H8145","096","0"
"H1944","001","0"
"H4003","809","0"
"H9104","007","0"
"H5578","006","0"
"H2654","810","0"
"H7187","804","0"
"H7306","803","0"
"H5378","184","0"
"H5887","001","0"
"H8742","803","0"
"H0490","001","0"
"H2354","801","0"
"H1112","003","0"
"H2944","184","0"
"H0490","004","0"
"H5378","801","0"
"H5810","001","0"
"H2643","001","0"
"H3916","015","0"
"H1716","002","0"
"H1608","801","0"
"H3620","802","0"
"H8145","024","0"
"H6328","001","0"
"H3962","803","0"
"H5427","059","0"
"H5696","031","0"
"H5928","009","0"
"H5427","053","0"
"H1607","806","0"
"H5006","017","7"
"H4564","011","0"
"H5928","004","0"
"H3384","805","0"
"H4564","014","0"
"H2256","026","1"
"H6411","007","0"
"H7917","010","0"
"H3528","006","0"
"H2775","095","0"
"H2320","016","0"
"H3028","801","0"
"H5253","021","0"
"H8558","009","0"
"H0819","001","0"
"H4785","801","0"
"H5652","003","0"
"H5698","801","0"
"H5530","804","0"
"H1036","103","0"
"H3817","802","0"
"E5088","801","0"
"H3907","803","0"
"H4036","803","0"
"H5253","004","0"
"H5783","006","0"
"H7200","006","0"
"H0370","801","0"
"H8145","021","0"
"H4270","001","0"
"H8145","114","0"
"H2899","801","0"
"H3664","014","0"
"H5530","004","0"
"H3370","009","0"
"H0504","804","0"
"H3251","002","0"
"H9572","001","4"
"H3370","003","0"
"H4527","026","0"
"H4590","037","0"
"H3659","808","0"
"H0523","057","0"
"H3924","047","0"
"H5530","001","0"
"H5883","807","0"
"H8578","003","0"
"H9788","003","0"
"H3206","801","0"
"H4209","007","0"
"H1230","001","0"
"R5826","804","0"
"H2663","002","0"
"H8098","009","0"
"H6609","001","0"
"H4407","802","0"
"H5216","003","0"
"H3327","002","0"
"H4011","815","0"
"R5826","021","0"
"H3959","804","0"
"H3370","805","0"
"H1080","810","0"
"H5426","001","0"
"H5629","001","0"
"H2810","002","0"
"H8145","107","0"
"H4522","007","0"
"H2218","001","0"
"H1080","004","0"
"H1076","010","0"
"H2012","023","0"
"H5649","001","0"
"H1109","802","0"
"H2949","015","0"
"H0544","010","0"
"H3810","003","0"
"H5980","005","0"
"H2450","013","0"
"H1019","001","0"
"H5209","002","0"
"H3327","021","0"
"H9047","013","0"
"H3351","013","0"
"H5509","015","0"
"H2450","018","0"
"H4525","003","0"
"H5509","803","0"
"H5404","034","0"
"H2803","001","0"
"H9998","002","0"
"H5215","807","0"
"H4520","018","0"
"H0602","003","0"
"H0602","009","0"
"H0620","002","0"
"H5698","159","0"
"H3359","805","0"
"H2462","010","0"
"H4527","014","0"
"H5291","803","0"
"H9615","002","0"
"H3206","002","0"
"H0108","803","0"
"H5106","026","0"
"H9788","802","0"
"H0602","036","0"
"H0524","013","0"
"H1286","003","0"
"H8145","093","0"
"H4003","813","0"
"H8558","007","0"
"H4590","010","0"
"H2064","002","0"
"H6609","012","0"
"H3954","027","0"
"H2773","001","0"
"H3597","002","0"
"H0302","007","0"
"H3346","002","0"
"H2944","128","0"
"H1251","001","0"
"H5302","809","0"
"H1417","801","0"
"H5404","113","0"
"H3342","808","0"
"H3614","001","0"
"H3410","003","1"
"H9001","001","0"
"H1110","802","0"
"H2960","010","0"
"H3456","801","0"
"H1286","008","0"
"H8980","801","0"
"H3107","008","0"
"H1417","003","0"
"H2610","005","0"
"H3653","803","0"
"H5006","018","6"
"H5425","010","0"
"H4007","802","0"
"H5594","022","0"
"H9572","001","6"
"H0524","036","0"
"H5679","001","0"
"H0150","012","0"
"H5422","803","0"
"H2803","010","0"
"H1681","006","0"
"H5416","002","0"
"H0401","002","0"
"H8145","003","0"
"H9011","805","0"
"H4875","801","0"
"R7439","806","0"
"H4525","802","0"
"H8145","009","0"
"H4525","008","0"
"H1837","006","0"
"H1019","010","0"
"H3209","001","0"
"H2949","009","0"
"H1036","034","0"
"H0602","042","0"
"H0602","038","0"
"H2450","016","0"
"H1036","054","0"
"H5732","001","0"
"H5522","004","0"
"H9001","010","0"
"H3342","811","0"
"R5826","813","0"
"H2944","041","0"
"H0524","801","0"
"H2226","001","0"
"H0117","007","0"
"H5421","047","0"
"H2174","802","0"
"H4605","001","0"
"H3204","802","0"
"H3805","001","0"
"H5521","037","0"
"H4605","004","0"
"H3755","801","0"
"H2150","801","0"
"H2775","803","0"
"H4406","803","0"
"H5549","001","0"
"H5700","801","0"
"H5439","003","0"
"H5549","004","0"
"H4004","816","0"
"H3916","024","0"
"H2609","001","0"
"H4605","801","0"
"H2542","001","0"
"H2542","004","0"
"H0752","803","0"
"H6622","802","0"
"H5009","001","0"
"H1036","143","0"
"H5211","004","0"
"H5698","030","0"
"H5980","007","0"
"H3328","012","0"
"H1416","018","0"
"H3706","804","0"
"H3923","802","0"
"H0351","030","0"
"H3805","801","0"
"H5211","001","0"
"H4910","801","0"
"H1304","804","0"
"H1415","804","0"
"H2012","026","0"
"H7908","801","0"
"H5883","001","4"
"H5928","017","0"
"H5577","002","0"
"H3312","801","0"
"H3887","002","0"
"H4305","001","0"
"H5883","004","4"
"H1310","001","0"
"H1170","008","0"
"H8748","802","0"
"H0562","084","0"
"H3655","803","0"
"H5302","003","0"
"H1099","803","0"
"H2320","018","0"
"H0562","081","0"
"H7220","004","0"
"H3251","023","0"
"H6551","001","0"
"H0543","079","0"
"H3528","807","0"
"H5302","008","0"
"H3330","021","1"
"H2012","803","0"
"R5826","065","0"
"H0319","001","0"
"H1415","021","0"
"H1510","001","0"
"H1234","002","0"
"H1510","004","0"
"H6609","010","0"
"H4513","804","0"
"H3388","001","0"
"H8980","002","0"
"H1595","802","0"
"H5587","002","0"
"H2802","001","0"
"H2701","806","0"
"H4011","817","0"
"H1509","813","0"
"H6360","002","0"
"H3330","021","2"
"H4520","020","0"
"H8145","125","0"
"H2320","007","0"
"H6743","005","0"
"H5521","013","0"
"H5006","018","4"
"H5416","801","0"
"H5509","003","0"
"H4604","003","0"
"H5698","141","0"
"H2112","014","0"
"H5883","003","3"
"H2899","002","0"
"H3818","001","0"
"H0524","042","0"
"H9859","013","0"
"H6923","802","0"
"H3818","004","0"
"H1944","801","0"
"H5610","003","0"
"H5883","004","3"
"H2386","001","0"
"H0543","086","0"
"R5342","803","0"
"H2775","082","0"
"H7678","002","0"
"H4004","810","0"
"H3449","805","0"
"H0613","003","0"
"R5287","002","0"
"H5162","007","0"
"H3659","807","0"
"H9011","021","0"
"H3912","005","0"
"H1419","001","0"
"H5749","802","0"
"H2312","801","0"
"H2899","006","0"
"H6900","004","0"
"H7917","015","0"
"H1216","003","0"
"H1032","101","0"
"H4456","010","0"
"H5480","802","0"
"H2386","002","0"
"H5151","803","0"
"H1846","003","0"
"H4005","802","0"
"H2462","012","0"
"H2450","802","0"
"H3954","039","0"
"H3908","001","0"
"H1032","132","0"
"H2223","001","0"
"H3410","003","3"
"H3152","048","0"
"H3805","804","0"
"H5529","001","0"
"R5826","806","0"
"H6264","001","0"
"H5420","008","0"
"H3327","023","0"
"H3154","016","0"
"H5422","804","0"
"H0104","011","6"
"H1019","028","0"
"H4605","002","0"
"H1111","804","0"
"H2944","127","0"
"H5414","801","0"
"H5470","005","0"
"H3044","004","0"
"H5587","001","0"
"H2960","004","0"
"H9001","011","0"
"H3044","003","0"
"H1019","023","0"
"R5287","805","0"
"H5213","001","0"
"H1170","002","0"
"H2029","805","0"
"H4152","013","0"
"H3028","803","0"
"H9572","001","2"
"H3619","013","0"
"H3337","003","0"
"H2654","004","0"
"H0908","001","0"
"H3449","012","0"
"H9859","001","0"
"H5006","014","1"
"H3305","016","0"
"H2111","001","0"
"H1777","007","0"
"H3952","047","0"
"H9847","802","0"
"H3887","003","0"
"H5810","002","0"
"H3113","001","0"
"H2312","807","0"
"H4529","030","0"
"H4590","804","0"
"H4004","807","0"
"H8145","089","0"
"H2667","809","0"
"H2320","804","0"
"H5533","803","0"
"H3957","036","0"
"H5426","802","0"
"H8145","005","0"
"H3152","046","0"
"H3664","017","0"
"H1657","002","0"
"H7731","001","0"
"R5826","008","0"
"H0351","801","0"
"H2169","802","0"
"H3708","001","0"
"H4527","004","0"
"H3456","803","0"
"H8822","004","0"
"H5425","012","0"
"H3370","022","0"
"H2613","001","0"
"H2609","002","0"
"H1906","001","0"
"H0543","036","0"
"H5528","008","0"
"H3305","018","0"
"H2654","804","0"
"H4213","005","0"
"H4209","810","0"
"H8145","052","0"
"H5970","803","0"
"H5420","006","0"
"H3342","014","0"
"H1806","001","0"
"R9943","805","0"
"H9572","002","4"
"H2960","012","0"
"H4527","012","0"
"H5950","802","0"
"H6609","009","0"
"H2816","010","0"
"H1609","801","0"
"H7301","802","0"
"H0755","809","0"
"H3362","017","0"
"H3668","011","0"
"H0602","041","0"
"H6864","001","0"
"H6622","801","0"
"H3653","809","0"
"H0564","047","0"
"H0321","002","0"
"H0602","022","0"
"H9572","801","0"
"H4011","813","0"
"H3528","002","0"
"H3251","025","0"
"H5162","005","0"
"H1837","002","0"
"H5700","009","0"
"H6609","024","0"
"H5009","801","0"
"H5813","003","0"
"H2261","809","0"
"H3028","001","0"
"H4520","005","0"
"H3533","801","0"
"H5783","002","0"
"H6609","003","0"
"H4461","806","0"
"H6609","021","0"
"R5826","006","0"
"H2803","804","0"
"H0543","142","0"
"H6528","006","0"
"H0621","006","0"
"H5470","007","0"
"H2450","010","0"
"H0104","011","4"
"H4003","814","0"
"H3916","005","0"
"H5522","802","0"
"H3949","009","0"
"H3931","065","0"
"H0562","039","0"
"H3672","804","0"
"H3957","805","0"
"H3384","041","0"
"H6360","007","0"
"H7195","001","0"
"H5529","804","0"
"H0316","804","0"
"H1036","806","0"
"H5037","002","0"
"R5287","801","0"
"H3664","805","0"
"H8145","071","0"
"H8980","803","0"
"H5403","002","0"
"H4102","808","0"
"H0370","803","0"
"H4270","003","0"
"H3659","003","0"
"H1111","004","0"
"H1019","039","0"
"H0544","031","0"
"H4004","048","0"
"H0248","002","0"
"H0630","811","0"
"H0151","001","0"
"R3175","802","0"
"H8145","113","0"
"H9385","807","0"
"H5440","001","0"
"H3333","037","0"
"H4785","803","0"
"H1264","004","0"
"H1032","061","0"
"R9896","008","0"
"H4270","004","0"
"H2462","004","0"
"H5404","136","0"
"H3388","804","0"
"H5253","024","0"
"H3335","813","0"
"H0108","004","0"
"H2773","002","0"
"H0562","040","0"
"H6642","006","0"
"H2663","006","0"
"H3918","002","0"
"H0544","020","0"
"H9503","001","0"
"H3410","001","4"
"H3959","806","0"
"H7179","003","0"
"H6360","805","0"
"H5410","005","0"
"H3344","003","0"
"H3954","003","0"
"H5427","060","0"
"H7917","011","0"
"H2012","007","0"
"H7149","803","0"
"H3749","804","0"
"H7917","014","0"
"H5656","801","0"
"H7220","802","0"
"H5415","801","0"
"H2654","813","0"
"H4004","812","0"
"H1110","805","0"
"H5421","049","0"
"H5530","806","0"
"R5826","821","0"
"H5823","004","0"
"H3384","022","0"
"H2997","804","0"
"H2593","010","0"
"H3813","003","0"
"H5425","804","0"
"H9572","003","1"
"H3347","008","0"
"H5826","006","0"
"H3655","804","0"
"H5422","002","0"
"H5883","805","0"
"H8822","804","0"
"H0562","803","0"
"H3533","002","0"
"H3916","022","0"
"H5928","006","0"
"H5529","004","0"
"H7187","801","0"
"H2220","002","0"
"H5430","001","0"
"H4102","806","0"
"H5433","001","0"
"H2182","806","0"
"H5378","188","0"
"H3623","003","0"
"H5427","062","0"
"H5005","011","0"
"H0316","002","0"
"H3335","008","0"
"H0913","003","0"
"H3672","014","0"
"H0474","001","0"
"H5415","056","0"
"H3818","014","0"
"H2593","001","0"
"H5521","801","0"
"H5415","807","0"
"H3919","002","0"
"H3660","032","0"
"H6609","017","0"
"H5007","002","0"
"H5928","015","0"
"H2320","012","0"
"H1951","001","0"
"H2667","808","0"
"H9011","003","0"
"H5302","811","0"
"H9385","805","0"
"H3132","001","0"
"H4909","001","0"
"H5594","025","0"
"H0544","034","0"
"H0979","021","0"
"H3430","002","0"
"H5950","001","0"
"H9615","807","0"
"H8604","005","0"
"H1251","801","0"
"H1036","053","0"
"H4406","001","0"
"H1304","002","0"
"R5826","827","0"
"H5106","015","0"
"H3331","002","0"
"H6328","002","0"
"H5774","005","0"
"H3909","007","0"
"H5928","008","0"
"H0542","002","0"
"H8558","802","0"
"H2936","001","0"
"H2354","001","0"
"H2422","002","0"
"H0523","032","0"
"H3346","007","0"
"H3305","801","0"
"H6360","801","0"
"H4527","001","0"
"H6169","011","0"
"H0307","801","0"
"H9302","004","0"
"H1099","804","0"
"H8145","050","0"
"H4523","005","0"
"H5696","019","0"
"H2225","001","0"
"H4524","007","0"
"H3954","100","0"
"H4142","001","0"
"H7281","004","0"
"H2613","004","0"
"H3810","006","0"
"H9302","009","0"
"H8742","001","0"
"H0544","013","0"
"H0504","026","0"
"H5526","003","0"
"H5652","002","0"
"H0332","803","0"
"H3909","801","0"
"H5521","020","0"
"H9003","801","0"
"H5883","002","1"
"H1036","130","0"
"H1036","125","0"
"R5826","840","0"
"H1019","055","0"
"H5859","003","0"
"H4408","006","0"
"H3156","028","0"
"H5883","002","7"
"H3809","002","0"
"H5521","016","0"
"H6360","807","0"
"H0423","001","0"
"H2775","088","0"
"H2012","016","0"
"H2256","027","1"
"H2029","801","0"
"H5009","004","0"
"H5985","001","0"
"H2150","028","0"
"H2941","002","0"
"H1019","026","0"
"H9047","806","0"
"H3335","006","0"
"H2949","805","0"
"H5005","804","0"
"H2256","016","2"
"H5549","003","0"
"H6371","002","0"
"H1509","807","0"
"H0108","010","0"
"H2542","003","0"
"H6609","015","0"
"H1080","036","0"
"H2012","022","0"
"H9988","802","0"
"H4909","806","0"
"H5628","002","0"
"H2944","185","0"
"H5416","017","0"
"H8953","002","0"
"H5253","809","0"
"H4141","001","0"
"H0624","001","0"
"H4529","028","0"
"H3204","001","0"
"H4456","810","0"
"H5006","014","5"
"H0104","804","0"
"H1717","007","0"
"H2354","802","0"
"H0346","002","0"
"H5378","802","0"
"H4408","008","0"
"H3952","045","0"
"H3817","801","0"
"H5050","801","0"
"H1080","042","0"
"R5826","809","0"
"H0104","010","1"
"H1026","038","0"
"H1906","010","0"
"R7444","001","0"
"H4528","002","0"
"H2944","125","0"
"H1230","802","0"
"H5883","003","4"
"H1500","001","0"
"H3351","801","0"
"H8558","003","0"
"H5883","801","0"
"H3931","004","0"
"H0401","008","0"
"H0623","009","0"
"H5533","003","0"
"H3379","022","0"
"H0543","013","0"
"H4003","808","0"
"H0543","019","0"
"H3327","806","0"
"H2450","001","0"
"H5832","802","0"
"H1099","001","0"
"H3659","801","0"
"H3044","804","0"
"H0544","016","0"
"H3925","002","0"
"H5416","009","0"
"H1076","011","0"
"H3815","001","0"
"H3312","804","0"
"H7173","001","0"
"H3312","043","0"
"H3864","006","0"
"H1035","006","0"
"H5106","017","0"
"H2816","001","0"
"H8145","007","0"
"H5425","001","0"
"H2944","011","0"
"H0320","006","0"
"H4738","002","0"
"H3668","801","0"
"H3312","048","0"
"H3653","806","0"
"H9047","035","0"
"H7188","003","0"
"H9047","024","0"
"H5425","004","0"
"H5427","086","0"
"H1036","056","0"
"H1019","057","0"
"H3328","802","0"
"H5991","001","0"
"H3916","801","0"
"H3346","805","0"
"H5826","008","0"
"H3755","004","0"
"H3931","804","0"
"H4213","007","0"
"H0544","002","0"
"H5162","002","0"
"H9572","002","6"
"H4529","014","0"
"H9001","026","0"
"H0755","031","0"
"H5813","006","0"
"H9998","001","0"
"H5696","002","0"
"H3620","001","0"
"H9720","039","0"
"H5404","141","0"
"H5520","002","0"
"H8393","801","0"
"H0543","125","0"
"H2462","017","0"
"H2406","001","0"
"H3335","021","0"
"H4525","001","0"
"H5509","014","0"
"H5970","805","0"
"H2461","006","0"
"H3344","006","0"
"H0564","810","0"
"H1045","010","0"
"H0524","030","0"
"H4785","001","0"
"H4152","005","0"
"H2906","801","0"
"H1419","802","0"
"H1019","024","0"
"H0562","079","0"
"H3664","803","0"
"H7006","001","0"
"H2960","009","0"
"H0562","011","0"
"H3954","033","0"
"H6169","035","0"
"H1415","802","0"
"H3388","803","0"
"H4527","015","0"
"H3351","006","0"
"H0630","805","0"
"H1406","013","0"
"H3959","011","0"
"H3404","002","0"
"H3305","803","0"
"H0332","807","0"
"H4510","021","0"
"H5520","807","0"
"H4346","005","0"
"H0901","802","0"
"H5810","007","0"
"H4003","810","0"
"H0524","811","0"
"H4407","005","0"
"H0151","015","0"
"H3329","002","0"
"H4527","008","0"
"H4155","001","0"
"H4514","806","0"
"H2593","003","0"
"H2593","009","0"
"H4564","002","0"
"H1036","140","0"
"H4527","024","0"
"H5005","018","0"
"H4522","001","0"
"H0401","807","0"
"H1110","801","0"
"H2232","999","0"
"H2063","002","0"
"H3164","003","0"
"H2654","024","0"
"H4527","003","0"
"H1045","001","0"
"H6169","001","0"
"H5005","019","0"
"H0332","002","0"
"H5253","808","0"
"H0104","010","5"
"H5294","001","0"
"H3952","042","0"
"H6169","014","0"
"H3619","016","0"
"H4152","817","0"
"H2456","002","0"
"H2112","007","0"
"H2174","003","0"
"H4590","029","0"
"H1310","003","0"
"H0151","801","0"
"H0303","013","0"
"H1509","007","0"
"H3342","013","0"
"H6609","006","0"
"H3964","002","0"
"H1013","011","0"
"H5521","022","0"
"H2012","013","0"
"H5010","001","0"
"H0332","801","0"
"H5823","006","0"
"H8145","104","0"
"H2174","801","0"
"H6169","013","0"
"H5427","076","0"
"H5528","011","0"
"H1951","017","0"
"H5214","011","0"
"H1951","805","0"
"H0354","012","0"
"H4209","004","0"
"R5826","825","0"
"H1080","807","0"
"R5941","802","0"
"H1013","802","0"
"H5698","062","0"
"H2312","007","0"
"H5041","002","0"
"H7306","804","0"
"H5932","001","0"
"E6036","801","0"
"R5826","808","0"
"H2256","016","1"
"R5826","837","0"
"H7015","801","0"
"H8145","041","0"
"H8742","003","0"
"H5425","015","0"
"H1355","002","0"
"H3154","802","0"
"H4605","802","0"
"H0609","002","0"
"H3456","010","0"
"H3328","002","0"
"H8145","073","0"
"H8145","079","0"
"H3949","024","0"
"H4102","802","0"
"H6609","023","0"
"R5674","801","0"
"H1961","003","0"
"H6609","029","0"
"H4524","013","0"
"H4004","801","0"
"H7281","003","0"
"H3923","801","0"
"H5883","002","2"
"H8145","032","0"
"H9572","003","5"
"H1609","803","0"
"H5042","006","0"
"R3444","012","0"
"H0543","802","0"
"H1036","040","0"
"H5698","154","0"
"H3668","013","0"
"H5698","151","0"
"H5820","002","0"
"H3931","055","0"
"H1036","077","0"
"H4011","806","0"
"R5826","064","0"
"H4956","001","0"
"H5926","001","0"
"H6622","001","0"
"H5698","803","0"
"H5525","004","0"
"H2663","802","0"
"H5521","805","0"
"H2312","805","0"
"H1170","802","0"
"H3404","807","0"
"H5850","802","0"
"H1418","008","0"
"H4003","816","0"
"H1043","001","0"
"H6169","032","0"
"H2410","016","0"
"H0151","805","0"
"H5050","013","0"
"H5426","023","0"
"H7917","027","0"
"H4456","015","0"
"H3356","001","0"
"H3342","002","0"
"H2108","028","0"
"R5826","831","0"
"H7341","002","1"
"H5811","005","0"
"H6881","002","0"
"H8748","801","0"
"H5426","008","0"
"H3655","013","0"
"H9503","003","0"
"H0544","007","0"
"H9670","801","0"
"H2256","803","0"
"H0108","009","0"
"H6743","001","0"
"H0630","014","0"
"H4510","012","0"
"H3312","002","0"
"H1032","008","0"
"H5402","035","0"
"H6743","004","0"
"H2029","001","0"
"R5826","023","0"
"H2419","001","0"
"H8145","121","0"
"H2425","001","0"
"H5938","001","0"
"H6609","038","0"
"H3330","033","2"
"H5415","803","0"
"H2699","002","0"
"H2109","002","0"
"H3659","031","0"
"H0630","019","0"
"H3660","043","0"
"H5253","028","0"
"H3335","042","0"
"H5575","006","0"
"H3660","044","0"
"H2931","015","0"
"H5594","001","0"
"H6609","806","0"
"H3954","009","0"
"H6328","801","0"
"H9266","003","0"
"H8558","010","0"
"H5938","802","0"
"H4590","803","0"
"H5608","001","0"
"H0712","005","0"
"H5850","004","0"
"H0401","801","0"
"H3659","001","0"
"H7917","013","0"
"H5821","020","0"
"H2108","029","0"
"H2219","002","0"
"H2323","006","0"
"H2462","008","0"
"H0602","020","0"
"H3957","006","0"
"H3359","019","0"
"H3330","033","1"
"H1045","012","0"
"H3660","801","0"
"H3410","001","3"
"H5508","804","0"
"H2944","192","0"
"H3337","001","0"
"H0543","145","0"
"H4506","806","0"
"H5774","019","0"
"H3347","009","0"
"H3347","003","0"
"H1716","001","0"
"H5509","011","0"
"H0318","802","0"
"H3916","027","0"
"H2256","018","8"
"R3332","001","0"
"H0354","001","0"
"H4510","801","0"
"H9779","003","0"
"H8953","801","0"
"H1849","015","0"
"R5941","007","0"
"H2610","010","0"
"H5948","001","0"
"H8684","801","0"
"H5421","065","0"
"H3240","010","0"
"H2649","802","0"
"H9572","003","2"
"H4528","801","0"
"H2654","809","0"
"H0317","002","0"
"H0562","086","0"
"H3307","018","0"
"H1230","806","0"
"H3335","009","0"
"H5591","003","0"
"H5211","006","0"
"H9988","002","0"
"H3672","013","0"
"H5887","006","0"
"H3917","001","0"
"H3335","015","0"
"H3321","003","0"
"H5414","803","0"
"H5106","807","0"
"H5421","073","0"
"H2944","137","0"
"H0545","802","0"
"H4152","815","0"
"H0370","001","0"
"H2611","001","0"
"H5850","012","0"
"H4155","004","0"
"H1509","801","0"
"H2992","001","0"
"H4006","013","0"
"H4011","003","0"
"H3817","002","0"
"H2450","025","0"
"H5167","001","0"
"H1076","802","0"
"H1714","002","0"
"H3954","021","0"
"H0351","035","0"
"H3206","001","0"
"H3832","001","0"
"H7149","001","0"
"H1016","002","0"
"H5162","013","0"
"H3327","802","0"
"H0544","005","0"
"H3954","801","0"
"H0104","010","2"
"H8822","001","0"
"H0540","020","0"
"H5151","002","0"
"H5416","023","0"
"R5826","835","0"
"H1291","802","0"
"H5253","802","0"
"H4004","805","0"
"H1509","814","0"
"H4209","001","0"
"R5941","808","0"
"R5826","026","0"
"H0543","081","0"
"H4456","020","0"
"H9302","003","0"
"H1111","809","0"
"H4209","811","0"
"H8748","004","0"
"H4909","804","0"
"H4406","804","0"
"H3916","025","0"
"H1903","024","0"
"R5826","802","0"
"H4510","015","0"
"H0150","023","0"
"H9302","008","0"
"R5342","001","0"
"H2410","018","0"
"H3887","802","0"
"H0562","055","0"
"H5970","801","0"
"H5533","801","0"
"H1944","803","0"
"H3154","005","0"
"H3327","026","0"
"H2667","012","0"
"R5826","079","0"
"H0423","004","0"
"H4152","007","0"
"H5427","078","0"
"H1689","013","0"
"H0302","001","0"
"H3952","020","0"
"H5521","027","0"
"H2701","001","0"
"H8558","001","0"
"H6705","001","0"
"H8145","055","0"
"H0562","062","0"
"H3346","803","0"
"H4407","002","0"
"H2012","002","0"
"H8145","110","0"
"H1517","003","0"
"H2029","803","0"
"H3405","002","0"
"H8748","001","0"
"H2228","001","0"
"H5421","067","0"
"H2459","013","0"
"H5378","194","0"
"H2997","803","0"
"H3597","801","0"
"H3660","805","0"
"H2931","804","0"
"H2165","005","0"
"H7660","001","0"
"H4141","801","0"
"H2672","802","0"
"H1036","136","0"
"H5425","024","0"
"H3952","804","0"
"H3805","803","0"
"H4346","007","0"
"H1080","801","0"
"H5291","001","0"
"H4006","803","0"
"H2174","004","0"
"H2256","015","6"
"H6328","005","0"
"H1350","010","0"
"H2450","027","0"
"H1019","006","0"
"H1681","004","0"
"H0712","018","0"
"R5826","074","0"
"H8558","004","0"
"H4454","002","0"
"H0302","004","0"
"H3113","004","0"
"H8145","803","0"
"H7352","003","0"
"H3362","820","0"
"H0490","005","0"
"H0154","801","0"
"R5566","805","0"
"H1036","063","0"
"H2256","018","1"
"H5435","001","0"
"H8649","003","0"
"H3307","020","0"
"H2816","009","0"
"H5934","001","0"
"H1681","001","0"
"H5578","013","0"
"H0623","001","0"
"H3335","038","0"
"H3755","001","0"
"H1608","802","0"
"H0544","022","0"
"H0332","805","0"
"H4393","001","0"
"H8145","025","0"
"H2667","001","0"
"H5431","002","0"
"H5576","802","0"
"H3812","001","0"
"H8655","005","0"
"H1036","068","0"
"H1099","009","0"
"H8558","012","0"
"H4564","005","0"
"H1716","019","0"
"R5826","814","0"
"H1415","005","0"
"H0141","001","0"
"H2320","803","0"
"H7015","003","0"
"H2161","001","0"
"H8604","002","0"
"H1035","802","0"
"H9003","805","0"
"H7187","803","0"
"H9847","001","0"
"H4007","807","0"
"H3361","043","0"
"H9859","802","0"
"H5425","009","0"
"H3456","001","0"
"H0543","028","0"
"H0524","804","0"
"R7444","802","0"
"H4105","001","0"
"H5619","007","0"
"H4011","809","0"
"H2816","021","0"
"H5425","003","0"
"H2611","807","0"
"H7015","004","0"
"H2462","015","0"
"H5533","004","0"
"H3954","135","0"
"H3404","801","0"
"H2931","004","0"
"H3907","020","0"
"H3814","007","0"
"H5425","008","0"
"H1510","008","0"
"H1951","801","0"
"R9943","004","0"
"H0571","801","0"
"H2001","001","0"
"H5854","005","0"
"H0307","010","0"
"H5521","034","0"
"H9788","801","0"
"H3328","013","0"
"H0602","019","0"
"H0543","007","0"
"H0602","013","0"
"H3156","801","0"
"H0474","801","0"
"H4454","028","0"
"R5826","823","0"
"H1109","801","0"
"R5826","077","0"
"H1716","004","0"
"H2949","013","0"
"H2944","114","0"
"H7341","002","2"
"H3706","001","0"
"H5629","002","0"
"H2949","014","0"
"H3620","805","0"
"H3659","058","0"
"H0524","810","0"
"H6743","003","0"
"H3328","001","0"
"H5656","014","0"
"H0524","015","0"
"H2222","002","0"
"H5427","080","0"
"H2450","023","0"
"H3815","005","0"
"H3359","804","0"
"H3361","127","0"
"H1080","804","0"
"H7220","002","0"
"H1019","046","0"
"H0571","002","0"
"H0108","006","0"
"H4393","002","0"
"H5698","157","0"
"H7187","003","0"
"H5594","024","0"
"H6178","001","0"
"H3813","802","0"
"H4011","802","0"
"H7187","009","0"
"H5378","182","0"
"H5404","138","0"
"H3359","033","0"
"H0630","806","0"
"H2663","804","0"
"H6360","001","0"
"H3335","014","0"
"H3749","001","0"
"H0540","091","0"
"H1418","002","0"
"H2450","024","0"
"H1076","016","0"
"H8742","008","0"
"H2944","138","0"
"H5410","010","0"
"H5698","152","0"
"H5698","067","0"
"H3362","819","0"
"H3818","002","0"
"H3335","045","0"
"H2944","166","0"
"H1303","004","0"
"H5640","001","0"
"H1019","043","0"
"H0544","028","0"
"H1509","803","0"
"H4529","007","0"
"H3359","021","0"
"H8707","006","0"
"H1019","048","0"
"H2450","006","0"
"H5793","001","0"
"H2810","001","0"
"H1509","816","0"
"H5406","002","0"
"H6181","007","0"
"H9988","003","0"
"H4528","802","0"
"H3410","002","2"
"H4004","025","0"
"R5826","843","0"
"H1286","803","0"
"H5215","806","0"
"H4007","801","0"
"H0543","022","0"
"H3314","999","0"
"H5700","028","0"
"H5426","020","0"
"R5826","810","0"
"H4529","002","0"
"H5594","017","0"
"H5895","001","0"
"H0564","801","0"
"H2012","001","0"
"H4213","001","0"
"H5862","001","0"
"R5674","001","0"
"H0307","803","0"
"H6642","001","0"
"H0524","802","0"
"H8145","103","0"
"H1837","803","0"
"H3811","009","0"
"H5526","808","0"
"H2672","009","0"
"H3528","806","0"
"H5522","005","0"
"H5619","001","0"
"H0562","070","0"
"R3175","002","0"
"H4406","806","0"
"H0609","018","0"
"H3964","001","0"
"H4004","803","0"
"H5884","007","0"
"R5941","009","0"
"H3405","007","0"
"H0105","001","0"
"H8145","078","0"
"H5995","001","0"
"H4407","807","0"
"H5414","010","0"
"R5941","801","0"
"H3204","801","0"
"H7787","004","0"
"H8684","805","0"
"H8145","014","0"
"H3653","015","0"
"H4510","022","0"
"H2218","002","0"
"H4006","007","0"
"H3361","109","0"
"H4209","003","0"
"H2416","001","0"
"H4910","802","0"
"H0523","805","0"
"H5253","011","0"
"H2230","002","0"
"H6609","011","0"
"H5850","003","0"
"H5850","021","0"
"H8098","801","0"
"H4604","805","0"
"H3949","023","0"
"R5826","014","0"
"H5578","002","0"
"H5826","010","0"
"H4141","802","0"
"R5826","069","0"
"H2816","020","0"
"R5826","063","0"
"H2411","801","0"
"H3361","106","0"
"H0316","806","0"
"H4003","019","0"
"H3864","014","0"
"H9988","008","0"
"H5421","057","0"
"R5826","011","0"
"H0562","045","0"
"H4454","030","0"
"H4402","002","0"
"H9001","020","0"
"H1303","001","0"
"H9082","002","0"
"H2220","001","0"
"H1099","006","0"
"H3952","044","0"
"H0562","012","0"
"H5696","027","0"
"H2944","124","0"
"H4956","004","0"
"R9896","012","0"
"H7006","002","0"
"H0303","805","0"
"H3330","021","3"
"H1251","804","0"
"H5151","004","0"
"H5832","801","0"
"H0108","008","0"
"H5520","809","0"
"H1517","803","0"
"H5529","806","0"
"H1468","803","0"
"H0332","004","0"
"H5508","002","0"
"H0602","007","0"
"H4524","806","0"
"H4007","805","0"
"H9670","803","0"
"H4461","015","0"
"H5162","010","0"
"H3954","134","0"
"H4604","005","0"
"H3812","005","0"
"H3384","051","0"
"H7179","011","0"
"H5215","005","0"
"H4524","001","0"
"H4564","004","0"
"H8145","124","0"
"H4152","821","0"
"H4564","001","0"
"H0543","070","0"
"H0630","813","0"
"H5522","002","0"
"H0332","804","0"
"H2611","002","0"
"H3659","056","0"
"H5820","029","0"
"H2611","809","0"
"H3668","802","0"
"H2672","801","0"
"H2256","015","7"
"H4527","022","0"
"H1350","001","0"
"H2997","806","0"
"H8953","803","0"
"H3405","005","0"
"H5852","001","0"
"H6609","028","0"
"H1080","811","0"
"H5050","009","0"
"H3346","804","0"
"H2322","801","0"
"R5941","805","0"
"H5006","018","8"
"H1264","008","0"
"H6360","010","0"
"H3931","070","0"
"H4407","023","0"
"H1651","008","0"
"H4604","801","0"
"H3887","001","0"
"R9943","001","0"
"H0523","801","0"
"H5679","802","0"
"H3209","002","0"
"H1951","025","0"
"H3370","019","0"
"H3957","030","0"
"H0609","801","0"
"H2150","017","0"
"H2111","008","0"
"H4564","012","0"
"H2224","001","0"
"H3370","014","0"
"H9104","009","0"
"R3444","009","0"
"H8393","802","0"
"H2312","803","0"
"H3204","007","0"
"H0752","002","0"
"H1651","009","0"
"H2931","801","0"
"H2654","803","0"
"H1651","003","0"
"H4785","003","0"
"H1234","001","0"
"R5826","819","0"
"H9847","801","0"
"H4456","801","0"
"H1714","001","0"
"H1681","002","0"
"H1026","001","0"
"H5854","801","0"
"H5850","017","0"
"H4528","014","0"
"H0543","805","0"
"H9011","011","0"
"H5696","025","0"
"H1036","081","0"
"H4007","005","0"
"H4346","003","0"
"R6801","012","0"
"H0657","005","0"
"H1961","803","0"
"H2944","052","0"
"H8578","801","0"
"H2699","001","0"
"H8604","001","0"
"H5215","007","0"
"H6609","049","0"
"H4513","802","0"
"H5256","002","0"
"H3028","804","0"
"H0317","006","0"
"H3924","801","0"
"H5608","002","0"
"H1036","047","0"
"H2944","169","0"
"H5698","804","0"
"H2816","007","0"
"H1036","151","0"
"H0524","041","0"
"H3327","001","0"
"H3620","801","0"
"H5821","804","0"
"H5426","801","0"
"H5425","006","0"
"H5426","002","0"
"H1043","002","0"
"H5214","013","0"
"H0630","017","0"
"H3597","001","0"
"H6169","015","0"
"H5698","140","0"
"H7678","001","0"
"H0303","801","0"
"H5507","001","0"
"H4523","001","0"
"H0524","032","0"
"H2169","801","0"
"H4590","033","0"
"H0523","059","0"
"H4506","808","0"
"H0543","085","0"
"H5774","806","0"
"H2611","018","0"
"H8145","049","0"
"H0502","999","0"
"H5211","002","0"
"H4652","999","0"
"H8649","802","0"
"H1036","025","0"
"H4213","004","0"
"H5431","005","0"
"H5619","004","0"
"H5528","019","0"
"H2899","001","0"
"H8145","044","0"
"H5820","032","0"
"H2816","801","0"
"H0354","805","0"
"H0524","037","0"
"H0755","810","0"
"H0523","054","0"
"H4875","012","0"
"H2486","802","0"
"R5287","001","0"
"H0523","022","0"
"H6169","803","0"
"R5674","802","0"
"H0609","805","0"
"H0474","002","0"
"H5439","802","0"
"H5508","801","0"
"H5425","028","0"
"H5520","808","0"
"H7220","801","0"
"H5006","018","5"
"H8822","802","0"
"H5402","040","0"
"H5429","001","0"
"H5421","070","0"
"H0423","003","0"
"H0609","007","0"
"H2775","084","0"
"H3672","016","0"
"H5750","004","0"
"H2150","009","0"
"H3931","054","0"
"H5162","001","0"
"H2610","803","0"
"H2593","006","0"
"R5342","002","0"
"H7086","001","0"
"H5793","802","0"
"H3954","097","0"
"H1251","002","0"
"H4520","001","0"
"H6609","802","0"
"H3330","032","1"
"H4510","020","0"
"H5698","155","0"
"H3388","002","0"
"H4036","802","0"
"H3329","001","0"
"H0609","020","0"
"H3307","002","0"
"H0657","007","0"
"H3706","807","0"
"H3931","064","0"
"H8991","022","0"
"R3175","801","0"
"H2462","802","0"
"H3907","802","0"
"H5425","023","0"
"H4456","805","0"
"H4456","026","0"
"H5576","009","0"
"H8558","011","0"
"H5854","805","0"
"H7949","803","0"
"H3920","007","0"
"H1903","011","0"
"H1019","050","0"
"H1032","040","0"
"H5042","803","0"
"H8098","005","0"
"H9859","003","0"
"H0524","035","0"
"H0524","003","0"
"H1777","010","0"
"H2667","003","0"
"H3456","804","0"
"H0562","082","0"
"H2944","019","0"
"H2944","013","0"
"H0630","015","0"
"H5526","806","0"
"H9385","002","0"
"H1111","808","0"
"H3916","019","0"
"H5520","006","0"
"H0154","001","0"
"H2256","001","2"
"H3817","001","0"
"H2064","001","0"
"H0401","808","0"
"H6169","024","0"
"H5887","007","0"
"H5212","002","0"
"H2450","008","0"
"R5826","838","0"
"H6169","021","0"
"H9011","802","0"
"H3330","033","3"
"H9847","004","0"
"H2150","021","0"
"H1509","810","0"
"H5410","001","0"
"H4011","814","0"
"H7731","007","0"
"H0354","801","0"
"H5407","024","0"
"H3957","020","0"
"H6923","003","0"
"H8050","006","0"
"H1032","091","0"
"H5578","801","0"
"H4102","001","0"
"H6328","802","0"
"H1016","001","0"
"H8748","002","0"
"H4971","802","0"
"R5826","816","0"
"H3330","814","0"
"H9988","006","0"
"H4005","807","0"
"H5698","163","0"
"H5521","033","0"
"H5656","802","0"
"H5215","808","0"
"H2944","031","0"
"H3366","022","0"
"H5521","039","0"
"H5628","001","0"
"H8145","095","0"
"H4909","004","0"
"H3456","809","0"
"H4525","005","0"
"H0562","009","0"
"H5427","052","0"
"H9003","001","0"
"H8991","018","0"
"H3832","801","0"
"H3623","001","0"
"R5342","802","0"
"H0543","121","0"
"H6411","008","0"
"H2610","804","0"
"H5042","001","0"
"H2701","807","0"
"H6169","031","0"
"H2150","806","0"
"H0562","036","0"
"H5439","002","0"
"H9572","001","1"
"H2941","001","0"
"H8644","003","0"
"H5006","018","7"
"H2944","085","0"
"H3957","032","0"
"H0154","012","0"
"H5970","002","0"
"H5426","013","0"
"H5883","004","1"
"H5426","019","0"
"H2944","198","0"
"H3706","010","0"
"H8145","126","0"
"H3916","020","0"
"H1170","805","0"
"H8145","080","0"
"H5302","007","0"
"R5566","005","0"
"H4346","001","0"
"H3864","002","0"
"H3351","805","0"
"H1304","004","0"
"H0524","809","0"
"H2012","025","0"
"H8130","002","0"
"H2649","801","0"
"H0543","144","0"
"H1406","802","0"
"H3410","002","1"
"H0562","801","0"
"H5407","004","0"
"H2318","002","0"
"H3620","803","0"
"H5414","009","0"
"H1013","024","0"
"H3410","002","5"
"R5826","066","0"
"H8091","001","0"
"H1807","001","0"
"H5416","021","0"
"H5405","002","0"
"H3351","803","0"
"H5938","006","0"
"H2944","171","0"
"R5826","818","0"
"H8578","803","0"
"H2775","096","0"
"H9788","002","0"
"H5826","012","0"
"H3335","801","0"
"H8558","801","0"
"H5435","024","0"
"H2320","021","0"
"H3327","801","0"
"H9302","001","0"
"H3152","804","0"
"H3421","001","0"
"H3668","005","0"
"H4510","802","0"
"H5428","001","0"
"H2256","027","2"
"H4011","810","0"
"H5859","001","0"
"H3361","059","0"
"H2899","009","0"
"H1251","803","0"
"H2816","803","0"
"H2899","003","0"
"H4004","815","0"
"H3925","001","0"
"H2931","803","0"
"H5817","009","0"
"H1416","022","0"
"H3962","001","0"
"H4125","001","0"
"H5526","810","0"
"H5969","002","0"
"H0630","815","0"
"H5850","006","0"
"H6169","801","0"
"H5821","001","0"
"H1716","006","0"
"H8953","001","0"
"H5216","007","0"
"H7281","001","0"
"H1200","999","0"
"H5005","803","0"
"H0524","043","0"
"H3664","012","0"
"H5992","005","0"
"H0524","808","0"
"H2165","004","0"
"H0104","011","3"
"H5206","002","0"
"H9572","803","0"
"H4209","008","0"
"H5980","006","0"
"H2450","017","0"
"R5826","018","0"
"H4518","002","0"
"H3154","004","0"
"H5010","002","0"
"H8145","051","0"
"H9572","001","5"
"H2457","002","0"
"H5420","007","0"
"H3959","002","0"
"H3597","802","0"
"H2486","003","0"
"H0602","044","0"
"H5162","802","0"
"H0524","010","0"
"H1032","014","0"
"H5509","016","0"
"H2654","811","0"
"R5826","068","0"
"H2775","802","0"
"H0540","001","0"
"R5826","013","0"
"H6231","002","0"
"H5521","036","0"
"H0602","043","0"
"H5106","025","0"
"H3810","002","0"
"H6609","014","0"
"H4523","802","0"
"H1518","001","0"
"H5008","002","0"
"H3923","803","0"
"H5302","005","0"
"H3370","002","0"
"H4011","819","0"
"H0752","802","0"
"H2312","010","0"
"H6609","019","0"
"H4007","803","0"
"H5253","807","0"
"H3351","001","0"
"H6609","013","0"
"H3044","803","0"
"H3456","808","0"
"H3533","001","0"
"H0154","802","0"
"H4003","018","0"
"H6622","803","0"
"H5817","010","0"
"H1013","021","0"
"H3204","803","0"
"H5530","807","0"
"H1032","131","0"
"H2411","803","0"
"H0351","029","0"
"H3206","003","0"
"H4956","003","0"
"H8145","123","0"
"H4209","809","0"
"H5594","023","0"
"H1681","005","0"
"H4908","006","0"
"H2029","807","0"
"H3333","057","0"
"H3251","804","0"
"H0332","001","0"
"H5576","801","0"
"H1019","014","0"
"H1355","801","0"
"H5016","002","0"
"H3154","012","0"
"H5425","026","0"
"H5378","190","0"
"H1517","801","0"
"H2949","807","0"
"R5826","002","0"
"H3909","001","0"
"H5576","006","0"
"H2108","001","0"
"H5403","001","0"
"H1350","009","0"
"H5006","014","2"
"H3307","802","0"
"H8748","803","0"
"H5749","001","0"
"H4003","801","0"
"H0602","027","0"
"R5826","807","0"
"H4406","808","0"
"H1099","802","0"
"R9896","009","0"
"H5854","002","0"
"H4525","002","0"
"H5528","002","0"
"H2221","002","0"
"H6609","051","0"
"H5698","003","0"
"H9104","008","0"
"H5698","009","0"
"H5421","048","0"
"H5698","128","0"
"H3107","801","0"
"H8189","001","0"
"H4006","807","0"
"H5698","129","0"
"H0318","002","0"
"H2462","011","0"
"R5826","844","0"
"H7917","802","0"
"R7444","801","0"
"H2450","015","0"
"H7179","013","0"
"H5528","807","0"
"H3410","003","4"
"H8145","020","0"
"H8096","002","0"
"H1846","001","0"
"H3664","801","0"
"H4514","007","0"
"H3623","004","0"
"H3924","001","0"
"H5480","801","0"
"H5774","808","0"
"R3444","008","0"
"H0346","001","0"
"H3916","002","0"
"H4606","001","0"
"H9615","804","0"
"H5883","001","1"
"H5291","802","0"
"H4407","011","0"
"H5421","046","0"
"H5813","801","0"
"H0302","006","0"
"H3156","803","0"
"H9001","019","0"
"H1463","802","0"
"H9001","013","0"
"H8558","006","0"
"H3044","001","0"
"H4004","035","0"
"H1419","801","0"
"H2034","002","0"
"H0545","011","0"
"H0150","802","0"
"H4875","015","0"
"H1304","001","0"
"H3335","820","0"
"H5037","001","0"
"H5407","001","0"
"H4003","812","0"
"H4408","002","0"
"H5424","003","0"
"H5978","001","0"
"H5427","070","0"
"H6360","009","0"
"H9047","001","0"
"H0543","138","0"
"R5826","081","0"
"H6360","004","0"
"H8800","001","0"
"H7949","001","0"
"H5509","802","0"
"H6900","001","0"
"H1036","074","0"
"H1681","007","0"
"H9859","004","0"
"H3333","055","0"
"H3659","803","0"
"H0543","141","0"
"H3384","053","0"
"H8145","112","0"
"H4528","013","0"
"R7439","805","0"
"H1036","102","0"
"H8604","802","0"
"H2450","021","0"
"H4604","807","0"
"H3379","002","0"
"H5820","011","0"
"H0351","803","0"
"H5521","012","0"
"H1286","801","0"
"H5528","018","0"
"H2320","008","0"
"H0523","058","0"
"H7949","804","0"
"H2667","807","0"
"H2320","015","0"
"H5822","002","0"
"H2816","022","0"
"H0755","808","0"
"H8980","003","0"
"H2150","030","0"
"H2230","801","0"
"H0544","014","0"
"H1032","124","0"
"R5826","812","0"
"H1837","801","0"
"H3811","001","0"
"H2672","001","0"
"H5594","006","0"
"H2654","010","0"
"H8953","004","0"
"R5826","824","0"
"H8578","007","0"
"H1463","005","0"
"H3962","004","0"
"H6881","001","0"
"H7179","002","0"
"H0544","019","0"
"H5404","086","0"
"H5526","004","0"
"H5006","017","4"
"H4520","021","0"
"H3342","810","0"
"H2944","022","0"
"H5516","001","0"
"H3924","048","0"
"H5215","002","0"
"H5042","004","0"
"H6642","004","0"
"H3330","810","0"
"H5415","804","0"
"H4213","003","0"
"H3351","010","0"
"H1837","007","0"
"H3404","803","0"
"H0523","056","0"
"H5820","026","0"
"H3327","807","0"
"H5470","002","0"
"H8145","801","0"
"H2775","089","0"
"H2815","001","0"
"H3351","012","0"
"H5950","801","0"
"H7301","801","0"
"H1036","138","0"
"H5576","008","0"
"H0571","005","0"
"H2775","083","0"
"H2649","020","0"
"H7526","004","0"
"H5883","001","5"
"H3384","806","0"
"H2150","029","0"
"H4971","001","0"
"H5883","002","3"
"H7526","001","0"
"H3832","805","0"
"H5508","803","0"
"H2450","012","0"
"H9572","002","3"
"H3152","022","0"
"H1035","002","0"
"H3653","004","0"
"H4461","001","0"
"H4003","807","0"
"R3175","803","0"
"H0562","017","0"
"H2112","001","0"
"H4520","003","0"
"H2944","090","0"
"H8145","097","0"
"H1170","801","0"
"H5578","007","0"
"H1961","801","0"
"H9104","006","0"
"H3962","802","0"
"H8742","802","0"
"H3619","014","0"
"H0108","802","0"
"H5416","004","0"
"H5811","001","0"
"H1416","009","0"
"H1036","052","0"
"H1406","026","0"
"H3456","023","0"
"H3924","046","0"
"H5868","007","0"
"H1286","002","0"
"R5826","832","0"
"H5528","020","0"
"H7306","001","0"
"H9615","004","0"
"H3456","806","0"
"H5427","082","0"
"H3916","018","0"
"H4461","004","0"
"H1417","002","0"
"R5941","807","0"
"H1607","805","0"
"H0542","001","0"
"H0524","806","0"
"H4564","010","0"
"H5696","030","0"
"H2610","006","0"
"H7200","007","0"
"H4513","010","0"
"H2992","002","0"
"H6609","046","0"
"H8145","109","0"
"H9720","038","0"
"H2944","163","0"
"H5264","003","0"
"H3921","001","0"
"H0712","001","0"
"H2256","001","7"
"H4209","006","0"
"H2312","004","0"
"H5521","038","0"
"H5402","038","0"
"H1837","005","0"
"R7439","801","0"
"H2450","009","0"
"H2256","001","1"
"H5402","039","0"
"H5826","009","0"
"H5425","014","0"
"H5425","011","0"
"H4004","811","0"
"H4461","808","0"
"H5006","017","6"
"H0602","801","0"
"H9047","804","0"
"H1509","001","0"
